                  epoch,         train/box_loss,         train/cls_loss,         train/dfl_loss,   metrics/precision(B),      metrics/recall(B),       metrics/mAP50(B),    metrics/mAP50-95(B),           val/box_loss,           val/cls_loss,           val/dfl_loss,                 lr/pg0,                 lr/pg1,                 lr/pg2
                      1,                 3.8197,                 5.4071,                 4.2519,                0.00096,                0.03502,                0.00108,                0.00033,                 3.9565,                 6.5304,                 4.1579,               8.75e-05,               8.75e-05,               8.75e-05
                      2,                 3.8296,                 5.5895,                 4.2698,                0.00099,                0.03502,                0.00084,                0.00037,                 3.9518,                 6.5374,                 4.1557,             0.00015038,             0.00015038,             0.00015038
                      3,                 3.8277,                 5.1224,                 4.2144,                0.00117,                0.04543,                0.00104,                0.00036,                 3.9463,                 6.5386,                 4.1532,             0.00017365,             0.00017365,             0.00017365
                      4,                 3.9975,                 5.6335,                 4.1922,                0.00099,                0.03502,                0.00131,                0.00061,                 3.9391,                 6.5293,                 4.1499,             0.00015733,             0.00015733,             0.00015733
                      5,                 3.8083,                 5.0793,                 4.2221,                0.00099,                0.03502,                0.00102,                0.00042,                 3.9326,                 6.5155,                 4.1465,              0.0001014,              0.0001014,              0.0001014
